(Cpeb2)_(Homo_sapiens)_(RBD_1.00)	motif115	M012_0.6	-3	0.00015804	0.0146977	0.0107832	7	CCGCCUUUUU	CUUUUUU	+
(Fmr1)_(Homo_sapiens)_(RBD_0.97)	motif81	M016_0.6	-1	0.000271366	0.0252371	0.0252371	7	CGGACAAGAAGG	GGACAAG	+
(Hnrnpc)_(Homo_sapiens)_(RBD_1.00)	motif199	M025_0.6	-1	0.000561664	0.0522348	0.00870579	7	GUUUUUUU	AUUUUUU	+
(Hnrnpk)_(Homo_sapiens)_(RBD_1.00)	motif591	M026_0.6	0	0.000510505	0.047477	0.0118692	7	CCUUCCC	CCAACCC	+
(Lin28a)_(Homo_sapiens)_(RBD_0.99)	motif49	M035_0.6	-3	0.000402805	0.0374609	0.0374609	7	UGACGGAGAAACC	CGGAGAA	+
(Matr3)_(Homo_sapiens)_(RBD_1.00)	motif581	M036_0.6	0	0.000949405	0.0882947	0.0882947	7	CAUCUUC	AAUCUUG	+
(Mbnl1)_(Homo_sapiens)_(RBD_1.00)	motif205	M037_0.6	0	3.253e-05	0.00302529	0.00302529	7	AGCUUGCC	AGCUUGC	+
(Pcbp2)_(Homo_sapiens)_(RBD_1.00)	motif591	M043_0.6	0	3.84702e-06	0.000357772	0.000357772	7	CCUUCCC	CCUUCCC	+
(Pprc1)_(Homo_sapiens)_(RBD_1.00)	motif862	M044_0.6	0	0.000199904	0.0185911	0.0185911	7	CCGCGCC	GCGCGCG	+
(Rbm3)_(Homo_sapiens)_(RBD_0.99)	motif595	M048_0.6	0	0.000355819	0.0330912	0.0330912	7	GAGACGA	GAUACGA	+
(ENSMUSG00000056951)_(Homo_sapiens)_(RBD_0.99)	motif848	M050_0.6	0	0.000922909	0.0858306	0.0214576	7	GCGCCCG	GCGCGGG	+
(Rbm8a)_(Homo_sapiens)_(RBD_1.00)	motif848	M054_0.6	0	0.00014914	0.0138701	0.0138701	7	GCGCCCG	GCGCGCG	+
(Samd4)_(Homo_sapiens)_(RBD_0.95)	motif941	M061_0.6	0	3.25686e-05	0.00302888	0.00302888	7	GCUGGAC	GCUGGAC	+
(Tut1)_(Homo_sapiens)_(RBD_0.85)	motif530	M073_0.6	0	0.000305841	0.0284432	0.0284432	7	CGUUACU	CGAUACU	+
(Tial1)_(Homo_sapiens)_(RBD_0.89)	motif199	M075_0.6	-1	0.00021302	0.0198108	0.00686256	7	GUUUUUUU	UUUUUUG	+
(U2af2)_(Homo_sapiens)_(RBD_1.00)	motif199	M077_0.6	-1	0.000368955	0.0343128	0.00686256	7	GUUUUUUU	UUUUUUC	+
(Csda)_(Homo_sapiens)_(RBD_1.00)	motif402	M081_0.6	1	0.000369709	0.034383	0.0270463	6	ACAUCAU	AACAUCA	+
(Zc3h10)_(Homo_sapiens)_(RBD_1.00)	motif946	M083_0.6	0	0.00087697	0.0815582	0.0407791	7	CCAGCCC	GCAGCGC	+
(Hnrnpl)_(Homo_sapiens)_(RBD_0.99)	motif943	M089_0.6	0	0.000697902	0.0649049	0.0649049	7	ACACGAC	ACACAAA	+
(Rbm4b)_(Homo_sapiens)_(RBD_0.99)	motif848	M109_0.6	0	0.000678151	0.0630681	0.0210227	7	GCGCCCG	GCGCGGG	+
(Ybx1)_(Homo_sapiens)_(RBD_1.00)	motif402	M111_0.6	1	0.000581641	0.0540926	0.0270463	6	ACAUCAU	AACAUCA	+
(Enox1)_(Homo_sapiens)_(RBD_1.00)	motif318	M140_0.6	0	0.000669401	0.0622543	0.0622543	7	CGGACAGC	CAGACAG	+
(Rbm42)_(Homo_sapiens)_(RBD_1.00)	motif852	M142_0.6	0	0.000985485	0.0916501	0.0916501	7	AACUCAG	AACUAAG	+
(Cnot4)_(Homo_sapiens)_(RBD_1.00)	motif73	M147_0.6	-2	0.000691315	0.0642923	0.0642923	7	CGGACAGAAAGA	GACAGAU	+
(Pabpn1)_(Homo_sapiens)_(RBD_1.00)	motif747	M148_0.6	0	3.06865e-05	0.00285385	0.00285385	7	AGAAGAC	AGAAGAC	+
(Cpeb4)_(Homo_sapiens)_(RBD_1.00)	motif199	M149_0.6	-1	0.00030156	0.0280451	0.00686256	7	GUUUUUUU	CUUUUUU	+
(Raly)_(Homo_sapiens)_(RBD_0.97)	motif199	M150_0.6	-1	0.000284645	0.026472	0.00686256	7	GUUUUUUU	UUUUUUG	+
(Lin28b)_(Homo_sapiens)_(RBD_0.83)	motif31	M153_0.6	-2	0.000253167	0.0235445	0.0235445	7	CACGGAGGAGCCC	CGGAGGA	+
(Tia1)_(Homo_sapiens)_(RBD_1.00)	motif199	M156_0.6	-1	0.000205073	0.0190718	0.00686256	7	GUUUUUUU	UUUUUUC	+
(Hnrpll)_(Homo_sapiens)_(RBD_0.99)	motif391	M169_0.6	0	0.000281498	0.0261794	0.0261794	7	ACACACU	ACACACA	+
Pcbp3	motif591	M188_0.6	0	8.47805e-05	0.00788459	0.0026282	7	CCUUCCC	CUUUCCCU	+
Pcbp1	motif591	M207_0.6	1	2.49236e-05	0.00231789	0.00115895	7	CCUUCCC	CCUUUCCC	+
Rbm45	motif921	M209_0.6	0	2.86353e-05	0.00266308	0.00266308	7	GACGACA	GACGACA	+
(Rod1)_(Homo_sapiens)_(RBD_0.80)	motif467	M227_0.6	0	6.24596e-05	0.00580874	0.00290437	7	CUUUUCC	CUUUUCU	+
(Ptbp1)_(Homo_sapiens)_(RBD_0.96)	motif225	M228_0.6	0	0.000348038	0.0323676	0.025057	7	ACCUUCUC	ACUUUCU	+
(Hnrnpr)_(Gallus_gallus)_(RBD_0.97)	motif151	M242_0.6	-2	0.000324029	0.0301347	0.0301347	7	GUCCAAAUC	CCAAAUU	+
(Nova1)_(Homo_sapiens)_(RBD_0.91)	motif469	M323_0.6	6	0.000414114	0.0385126	0.0385126	7	UCAUCGC	GGAGAGUCAUUCC	+
(Srsf7)_(Homo_sapiens)_(RBD_1.00)	motif60	M331_0.6	1	0.000820675	0.0763227	0.0763227	9	GACGUCGAUCUC	AGACUACGAU	+
