(Cpeb2)_(Homo_sapiens)_(RBD_1.00)	motif494	M012_0.6	-1	0.000607791	0.0565246	0.0198281	6	UCUUUUU	CUUUUUU	+
(Srsf10)_(Homo_sapiens)_(RBD_1.00)	motif166	M019_0.6	0	0.000535652	0.0498157	0.0498157	7	AGAGAGA	AGAGAAA	+
(Lin28a)_(Homo_sapiens)_(RBD_0.99)	motif370	M035_0.6	0	0.000876332	0.0814989	0.0814989	7	UGGAGAA	CGGAGAA	+
(Pcbp2)_(Homo_sapiens)_(RBD_1.00)	motif184	M043_0.6	0	0.000275563	0.0256274	0.0256274	7	CCUUCUC	CCUUCCC	+
(Pprc1)_(Homo_sapiens)_(RBD_1.00)	motif1	M044_0.6	-1	0.000269771	0.0250887	0.0175554	7	GCCGCGCGGCGCGG	GCGCGCG	+
(ENSMUSG00000056951)_(Homo_sapiens)_(RBD_0.99)	motif1	M050_0.6	-3	0.000377536	0.0351108	0.0175554	7	GCCGCGCGGCGCGG	GCGCGGG	+
(Rbm8a)_(Homo_sapiens)_(RBD_1.00)	motif262	M054_0.6	0	0.000138038	0.0128375	0.0128375	7	GCGCGCU	GCGCGCG	+
(Samd4)_(Homo_sapiens)_(RBD_0.95)	motif51	M061_0.6	0	0.000805987	0.0749568	0.0749568	7	GCUGCAC	GCUGGAC	+
(Srsf9)_(Homo_sapiens)_(RBD_0.98)	motif163	M065_0.6	0	0.000167284	0.0155574	0.0155574	7	GGAAGGA	GGAAGGA	+
(Snrpa)_(Homo_sapiens)_(RBD_0.98)	motif94	M069_0.6	0	1.24283e-05	0.00115583	0.00115582	7	UUGCACA	UUGCACA	+
(U2af2)_(Homo_sapiens)_(RBD_1.00)	motif377	M077_0.6	0	9.38425e-05	0.00872735	0.00872735	7	UUUUCUC	UUUUUUC	+
(Zc3h10)_(Homo_sapiens)_(RBD_1.00)	motif135	M083_0.6	0	0.000413271	0.0384342	0.0384342	7	GCAGCAC	GCAGCGC	+
(Rbm4b)_(Homo_sapiens)_(RBD_0.99)	motif262	M109_0.6	0	0.0010716	0.0996586	0.0314995	7	GCGCGCU	GCGCGGG	+
(Snrpb2)_(Drosophila_melanogaster)_(RBD_0.81)	motif94	M136_0.6	1	2.48564e-05	0.00231165	0.00115582	7	UUGCACA	AUUGCACA	+
(Rbm42)_(Homo_sapiens)_(RBD_1.00)	motif232	M142_0.6	0	0.000985485	0.0916501	0.0916501	7	AACUCAG	AACUAAG	+
(Rbm5)_(Homo_sapiens)_(RBD_1.00)	motif76	M145_0.6	0	4.32636e-05	0.00402351	0.00402351	7	GAAGGAG	GAAGGAG	+
(Pabpn1)_(Homo_sapiens)_(RBD_1.00)	motif115	M148_0.6	0	3.06865e-05	0.00285385	0.00285385	7	AGAAGAC	AGAAGAC	+
(Cpeb4)_(Homo_sapiens)_(RBD_1.00)	motif494	M149_0.6	-1	0.000183234	0.0170408	0.0170408	6	UCUUUUU	CUUUUUU	+
(Hnrnph2)_(Homo_sapiens)_(RBD_0.99)	motif271	M151_0.6	0	0.000319752	0.029737	0.029737	7	GGAAGGG	GGGAGGG	+
(Lin28b)_(Homo_sapiens)_(RBD_0.83)	motif215	M153_0.6	0	0.00105883	0.0984709	0.0610024	7	CGAAGGA	CGGAGGA	+
(Tia1)_(Homo_sapiens)_(RBD_1.00)	motif377	M156_0.6	0	0.000224317	0.0208615	0.0104308	7	UUUUCUC	UUUUUUC	+
Pcbp3	motif288	M188_0.6	0	0.000494901	0.0460258	0.0153419	7	CUUUCUC	CUUUCCCU	+
(Sf3b4)_(Danio_rerio)_(RBD_1.00)	motif304	M195_0.6	-1	0.00101426	0.0943261	0.0943261	6	CUCAAAA	UCAAAAG	+
Pcbp1	motif288	M207_0.6	1	0.00025741	0.0239391	0.0119695	7	CUUUCUC	CCUUUCCC	+
(Rod1)_(Homo_sapiens)_(RBD_0.80)	motif377	M227_0.6	1	0.00038709	0.0359993	0.0119998	6	UUUUCUC	CUUUUCU	+
(Ptbp1)_(Homo_sapiens)_(RBD_0.96)	motif288	M228_0.6	1	0.000233062	0.0216748	0.0119695	6	CUUUCUC	ACUUUCU	+
(Eif4b)_(Homo_sapiens)_(RBD_0.96)	motif340	M290_0.6	0	8.86062e-05	0.00824037	0.00824037	7	GUUGGAA	GUUGGAA	+
(Nono)_(Homo_sapiens)_(RBD_1.00)	motif365	M307_0.6	0	0.000641018	0.0596147	0.0596147	5	AGGGAAG	AGGGA	+
(Elavl2)_(Homo_sapiens)_(RBD_1.00)	motif494	M328_0.6	2	0.000639617	0.0594844	0.0198281	7	UCUUUUU	AUCCUUUUUUUUCG	+
